"Reference","Qty","Value","DNP","Exclude from BOM","Exclude from Board","Footprint","Datasheet"
"Cboot1","1","0.1uF","","","","Capacitor_SMD:C_0603_1608Metric","~"
"Cin1,Cin2","2","4.7uF","","","","Capacitor_SMD:C_0603_1608Metric","~"
"Cout1,Cout2","2","22uF","","","","Capacitor_SMD:C_1812_4532Metric","~"
"J1,J2","2","Conn_01x02_Pin","","","","Connector_PinHeader_2.54mm:PinHeader_1x02_P2.54mm_Vertical","~"
"L1","1","10uH","","","","Inductor_SMD:L_7.3x7.3_H4.5","~"
"Rfbb1","1","11.8K","","","","Resistor_SMD:R_0603_1608Metric","~"
"Rfbt1","1","100K","","","","Resistor_SMD:R_0603_1608Metric","~"
"Rt1","1","31.6K","","","","Resistor_SMD:R_0603_1608Metric","~"
"U1","1","LMR51450FNDRRR","","","","LMR51450FNDRRR:CONV_LMR51450FNDRRR",""
